rate_target,achieved_rps,p95_ms,avg_ms,error_rate,dropped,vus_max_used
100,100.05,6.98,3.76,0.000000,0,200
200,200.05,5.09,2.42,0.000000,0,200
300,300.05,4.85,2.27,0.000000,0,300
400,400.05,4.45,2.10,0.000000,0,400
500,500.05,4.66,2.32,0.000000,0,500
600,600.05,4.59,2.16,0.000000,0,600
700,700.10,4.85,2.19,0.000000,0,700
800,800.05,8.00,3.45,0.000000,0,800
900,900.05,5.50,2.64,0.000000,0,900
1000,1000.05,4.80,2.30,0.000000,0,1000
1100,1100.00,4.78,2.37,0.000000,0,1100
1200,1200.05,5.78,2.58,0.000000,0,1200
1300,1300.05,5.81,2.57,0.000000,0,1300
1400,1400.05,5.68,2.56,0.000000,0,1400
1500,770.55,2844.40,1893.85,0.000000,14589,1500
# livros_ao_final=248170 (semente=200000)
# fim motivo=descartadas
