rate_target,achieved_rps,p95_ms,avg_ms,error_rate,dropped,vus_max_used,estagio
100,100.05,6.40,3.16,0.000000,0,200,grosso
200,200.05,5.45,2.61,0.000000,0,200,grosso
300,300.05,4.93,2.33,0.000000,0,300,grosso
400,400.00,5.07,2.31,0.000000,0,400,grosso
500,500.05,5.43,2.43,0.000000,0,500,grosso
600,600.10,5.50,2.42,0.000000,0,600,grosso
700,700.05,5.63,2.54,0.000000,0,700,grosso
800,800.05,5.78,2.55,0.000000,0,800,grosso
900,900.05,5.82,2.51,0.000000,0,900,grosso
1000,1000.00,5.94,2.55,0.000000,0,1000,grosso
1100,1100.05,6.43,2.80,0.000000,0,1100,grosso
1200,1200.05,6.37,2.75,0.000000,0,1200,grosso
1300,1300.05,6.27,2.73,0.000000,0,1300,grosso
1400,1400.05,6.50,2.81,0.000000,0,1400,grosso
1500,1500.10,6.83,3.11,0.000000,0,1500,grosso
1600,1600.00,6.60,2.85,0.000000,0,1600,grosso
1700,1700.05,7.30,3.20,0.000000,0,1700,grosso
1800,1800.05,7.98,3.69,0.000000,0,1800,grosso
1900,1900.05,686.27,136.13,0.000000,0,1900,grosso
2000,2000.05,64.39,12.56,0.000000,0,2000,grosso
2100,2100.05,31.15,7.33,0.000000,0,2100,grosso
2200,2200.05,55.56,12.55,0.000000,0,2200,grosso
2300,2300.05,19.67,5.45,0.000000,0,2300,grosso
2400,2215.85,1819.01,890.64,0.000000,3681,2400,grosso
2500,2400.40,1698.84,375.50,0.000000,1992,2500,grosso
2325,2325.05,61.41,15.00,0.000000,0,2325,fino
2350,2312.20,1538.85,738.57,0.000000,755,2350,fino
2375,2375.10,38.99,9.65,0.000000,0,2375,fino
# transitorios= 1900 2350 (violaram sem confirmacao)
# livros_ao_final=359281 (semente=200000)
# capacidade_observada=2375 (resolucao=+-12.5)
# fim motivo=p95>=100+descartadas
